{"RuleTriggered": 0, "Violations": 0, "Details": {"pin_memory": false, "num_workers": 0, "cores": 8, "dataloaders": 1, "dataloading_time": {"p25": 0.22633799999999998, "p50": 0.26817599999999997, "p95": 0.34348439999999997, "probs": [1, 0, 0, 0, 0, 0, 0, 0, 0, 0, 0, 0, 0, 0, 0, 0, 0, 0, 0, 0, 0, 0, 0, 0, 0, 0, 0, 0, 0, 0, 0, 0, 0, 0, 0, 0, 0, 0, 0, 0, 0, 0, 0, 0, 0, 0, 0, 0, 0, 0, 0, 0, 0, 0, 0, 0, 0, 0, 0, 0, 0, 0, 0, 0, 0, 0, 0, 0, 0, 0, 0, 0, 0, 0, 0, 0, 0, 0, 0, 0, 0, 0, 0, 0, 0, 0, 0, 0, 0, 0, 0, 0, 0, 0, 0, 0, 0, 0, 0, 1], "binedges": [0.1845, 0.18617352, 0.18784704, 0.18952056, 0.19119408, 0.1928676, 0.19454112, 0.19621464, 0.19788816, 0.19956168, 0.2012352, 0.20290872, 0.20458224, 0.20625576, 0.20792928, 0.2096028, 0.21127632, 0.21294984, 0.21462335999999999, 0.21629688, 0.2179704, 0.21964392, 0.22131744, 0.22299096, 0.22466448, 0.22633799999999998, 0.22801152, 0.22968504, 0.23135856, 0.23303208, 0.2347056, 0.23637912, 0.23805263999999998, 0.23972616, 0.24139968, 0.2430732, 0.24474672, 0.24642024, 0.24809376, 0.24976727999999998, 0.2514408, 0.25311432, 0.25478784, 0.25646135999999997, 0.25813488, 0.2598084, 0.26148192, 0.26315544, 0.26482896, 0.26650248, 0.26817599999999997, 0.26984952, 0.27152304, 0.27319656, 0.27487008, 0.2765436, 0.27821712, 0.27989063999999997, 0.28156416, 0.28323768, 0.2849112, 0.28658472, 0.28825824, 0.28993176, 0.29160527999999997, 0.2932788, 0.29495232, 0.29662584, 0.29829936, 0.29997288, 0.3016464, 0.30331991999999997, 0.30499344, 0.30666696, 0.30834048000000003, 0.310014, 0.31168752, 0.31336104, 0.31503455999999996, 0.31670808, 0.3183816, 0.32005512, 0.32172864, 0.32340216, 0.32507568, 0.32674919999999996, 0.32842272, 0.33009624, 0.33176976, 0.33344328, 0.3351168, 0.33679032, 0.33846383999999996, 0.34013736, 0.34181088, 0.3434844, 0.34515792, 0.34683144, 0.34850496, 0.35017847999999996, 0.351852]}}, "Datapoints": 2, "RuleParameters": "min_threshold:70\nmax_threshold:200"}