{"RuleTriggered": 0, "Violations": 0, "Details": {"ratio": {"cpu_functions": 100.0}, "phase": {"Step:ModeKeys.TRAIN": 104.24533480734735, "others": -18.628251381941265, "Step:ModeKeys.EVAL": 14.382916574593926}, "phase_time": {}, "CPU": {"aten::conv2d": 19.178520689956915, "aten::convolution": 19.171684305075846, "aten::_convolution": 19.16666559429257, "aten::mkldnn_convolution": 19.153378879206066, "aten::batch_norm": 6.5837120958650965, "aten::_batch_norm_impl_index": 6.576787240120861, "aten::native_batch_norm": 6.567899939775472, "enumerate(DataLoader)#_SingleProcessDataLoaderIter.__next__": 3.6013512557071756}, "CPU_total": {"aten::conv2d": 2384556, "aten::convolution": 2383706, "aten::_convolution": 2383082, "aten::mkldnn_convolution": 2381430, "aten::batch_norm": 818584, "aten::_batch_norm_impl_index": 817723, "aten::native_batch_norm": 816618, "enumerate(DataLoader)#_SingleProcessDataLoaderIter.__next__": 447773}, "general": {"DataLoaderIterInitialize": 5.98014915779418e-05, "DataLoaderIter": 0.009725485024503407, "Forward": 99.99021471348392}}, "Datapoints": 0, "RuleParameters": ""}