{"RuleTriggered": 0, "Violations": 0, "Details": {"step_details": {"algo-1-27": {"step_stats": {"mean": 1.2891608710801394, "max": 3.29608, "p99": 1.4650736799999997, "p95": 1.4328941999999998, "p50": 1.30818, "min": 0.08984}, "number_of_outliers": 1, "phase": "Step:ModeKeys.EVAL", "stddev": 0.26, "probs": [8, 1, 1, 0, 0, 0, 0, 0, 0, 0, 0, 0, 0, 0, 0, 0, 0, 0, 0, 0, 0, 0, 0, 0, 0, 0, 0, 0, 0, 0, 0, 0, 0, 0, 0, 0, 0, 0, 0, 0, 0, 0, 0, 0, 0, 0, 0, 0, 0, 0, 0, 0, 0, 0, 0, 0, 0, 0, 0, 0, 0, 0, 0, 0, 0, 0, 0, 0, 0, 0, 0, 0, 0, 0, 0, 0, 0, 0, 0, 0, 0, 0, 1, 9, 19, 31, 48, 55, 26, 12, 12, 5, 10, 14, 14, 5, 7, 2, 4, 2], "binedges": [0.08984, 0.10377158, 0.11770316, 0.13163474, 0.14556632, 0.15949790000000003, 0.17342948000000002, 0.18736106000000002, 0.20129264000000002, 0.21522422000000002, 0.22915580000000002, 0.24308738000000002, 0.25701896, 0.27095054, 0.28488212, 0.2988137, 0.31274528, 0.32667686, 0.34060844, 0.35454002000000007, 0.3684716, 0.38240318000000006, 0.39633476, 0.41026634000000006, 0.42419792, 0.43812950000000006, 0.45206108, 0.46599266000000006, 0.47992424, 0.49385582000000006, 0.5077874, 0.52171898, 0.53565056, 0.54958214, 0.56351372, 0.5774453, 0.5913768800000001, 0.60530846, 0.6192400400000001, 0.63317162, 0.6471032000000001, 0.66103478, 0.6749663600000001, 0.68889794, 0.7028295200000001, 0.7167611, 0.7306926800000001, 0.74462426, 0.7585558400000001, 0.77248742, 0.7864190000000001, 0.80035058, 0.8142821600000001, 0.82821374, 0.8421453200000001, 0.8560769, 0.8700084800000001, 0.88394006, 0.8978716400000001, 0.91180322, 0.9257348000000001, 0.93966638, 0.9535979600000001, 0.96752954, 0.9814611200000001, 0.9953927000000001, 1.00932428, 1.0232558600000001, 1.03718744, 1.05111902, 1.0650506, 1.0789821800000001, 1.09291376, 1.10684534, 1.12077692, 1.1347085, 1.14864008, 1.16257166, 1.17650324, 1.19043482, 1.2043664, 1.21829798, 1.23222956, 1.24616114, 1.26009272, 1.2740243, 1.28795588, 1.3018874599999999, 1.31581904, 1.32975062, 1.3436822, 1.3576137799999999, 1.37154536, 1.38547694, 1.39940852, 1.4133400999999999, 1.42727168, 1.44120326, 1.45513484, 1.46906642, 1.482998], "step_numbers": ["0"]}, "algo-2-27": {"step_stats": {"mean": 0.9887347682119205, "max": 2.821681, "p99": 1.107059, "p95": 1.0715159, "p50": 1.017378, "min": 0.081041}, "number_of_outliers": 1, "phase": "Step:ModeKeys.EVAL", "stddev": 0.21, "probs": [8, 2, 0, 1, 0, 0, 0, 0, 0, 0, 0, 0, 0, 0, 0, 0, 0, 0, 0, 0, 0, 0, 0, 0, 0, 0, 0, 0, 0, 0, 0, 0, 0, 0, 0, 0, 0, 0, 0, 0, 0, 0, 0, 0, 0, 0, 0, 0, 0, 0, 0, 0, 0, 0, 0, 0, 0, 0, 0, 0, 0, 0, 0, 0, 0, 0, 0, 0, 0, 0, 0, 0, 0, 0, 0, 0, 2, 4, 7, 9, 18, 11, 16, 30, 28, 38, 28, 38, 28, 11, 12, 3, 2, 3, 0, 1, 0, 0, 0, 1], "binedges": [0.081041, 0.09200294, 0.10296488000000001, 0.11392682000000001, 0.12488876000000002, 0.13585070000000002, 0.14681264, 0.15777458, 0.16873652, 0.17969846, 0.1906604, 0.20162234, 0.21258428000000001, 0.22354622000000002, 0.23450816000000002, 0.24547010000000002, 0.25643204, 0.26739398000000003, 0.27835592000000003, 0.28931786000000004, 0.30027980000000004, 0.31124174000000004, 0.32220368000000005, 0.33316562000000005, 0.34412756, 0.35508950000000006, 0.36605144, 0.37701338000000006, 0.38797532, 0.39893726000000007, 0.4098992, 0.4208611400000001, 0.43182308, 0.4427850200000001, 0.45374696000000003, 0.4647089000000001, 0.47567084000000004, 0.4866327800000001, 0.49759472000000005, 0.5085566600000001, 0.5195186, 0.5304805400000001, 0.5414424800000001, 0.5524044200000001, 0.5633663600000001, 0.5743283000000001, 0.5852902400000001, 0.5962521800000001, 0.6072141200000001, 0.6181760600000001, 0.6291380000000001, 0.6400999400000001, 0.6510618800000001, 0.6620238200000002, 0.6729857600000001, 0.6839477000000002, 0.6949096400000001, 0.7058715800000002, 0.7168335200000001, 0.7277954600000002, 0.7387574000000001, 0.7497193400000002, 0.7606812800000001, 0.7716432200000002, 0.7826051600000001, 0.7935671000000001, 0.8045290400000001, 0.8154909800000001, 0.8264529200000001, 0.8374148600000001, 0.8483768000000002, 0.8593387400000001, 0.8703006800000002, 0.8812626200000001, 0.8922245600000002, 0.9031865000000001, 0.9141484400000002, 0.9251103800000001, 0.9360723200000002, 0.9470342600000001, 0.9579962000000002, 0.9689581400000001, 0.9799200800000002, 0.9908820200000001, 1.0018439600000002, 1.0128059, 1.02376784, 1.0347297800000002, 1.0456917200000002, 1.05665366, 1.0676156, 1.0785775400000002, 1.08953948, 1.10050142, 1.1114633600000001, 1.1224253000000002, 1.13338724, 1.14434918, 1.1553111200000001, 1.16627306, 1.177235], "step_numbers": ["0"]}}}, "Datapoints": 4847, "RuleParameters": "threshold:3\nmode:None\nn_outliers:10\nstddev:3"}